"NDC","PROD_ID","INA_DT","RIN_DT"
"00011836712",2622,25-OCT-2005 15:26:30,21-JUN-2001 10:02:27
"00395220101",21420,01-OCT-1989 00:00:00,
"08137009723",482091,13-JUL-2011 14:22:15,
"08137009560",482092,04-AUG-2014 09:36:58,
"54569278800",60112,12-MAR-1996 00:00:00,
"08137004831",64621,30-SEP-2014 11:34:48,
"08137004832",64622,30-SEP-2014 11:35:17,
"08137006101",64716,30-SEP-2014 12:34:09,
"54569324600",68035,26-NOV-2001 20:30:33,
"21695055060",476233,12-APR-2014 08:17:11,
"10939006711",69370,01-FEB-1995 00:00:00,
"00003037443",75603,31-DEC-2008 11:50:41,
"70074000264",79150,01-FEB-1996 00:00:00,
"30237890006",476981,,
"49281086051",459893,01-FEB-2001 13:17:53,
"49281086052",459893,01-FEB-2003 13:05:40,
"49281086010",459893,,
"00193654621",145906,,
"24385006576",79757,18-FEB-2003 09:37:38,
"00003037436",75603,31-DEC-2008 11:50:41,
"00113030601",469480,19-OCT-2011 14:16:05,
"00113030602",469480,19-OCT-2011 14:16:16,
"00113030603",469480,19-OCT-2011 14:16:26,
"00113030652",469486,19-OCT-2011 14:16:37,
"44411102004",466972,31-DEC-2010 09:04:20,
"54569481200",204837,31-JAN-2003 12:05:00,22-SEP-2009 10:25:54
"35781019405",469459,,
"00011936712",205455,25-OCT-2005 15:26:50,
"51709000605",211875,21-DEC-2005 07:56:28,02-NOV-2010 12:51:36
"54868410500",214157,17-JUL-2003 16:52:25,
"08004046900",237078,,
"44411102504",466976,31-DEC-2010 09:04:20,
"08463820350",467579,,
"08463620350",467584,,
"08004042800",251403,,
"08004048900",251405,01-JAN-2016 15:20:26,
"08004041600",256377,12-MAY-2014 14:47:13,
"10337066667",472251,,
"08004047600",280936,,
"70074056974",281274,,
"37000074091",282600,18-JUL-1994 00:00:00,26-MAR-2003 18:05:50
"37000074092",282601,18-JUL-1994 00:00:00,26-MAR-2003 18:07:49
"00193708050",315564,,
"00193709021",315565,,
"70074057536",316192,,
"00430342010",343489,26-OCT-2010 10:59:11,
"08290236712",358420,,
"59781058012",368607,,
"49281086055",459893,15-JUL-2014 11:08:50,
"68405101401",401870,05-DEC-2014 08:29:54,
"68405101301",401871,05-DEC-2014 08:29:54,
"68405101501",401872,05-DEC-2014 08:29:54,
"08484052800",408763,19-MAY-2011 09:47:29,15-MAR-2013 10:13:15
"00087128841",418796,15-DEC-2015 11:34:45,
"76300038410",424984,,
"00193707025",425415,,
"38396031214",440387,,
"64980014612",453913,,
"49348048262",455118,,
"49348048062",455119,,
"49348047662",455121,,
"49452080801",455011,19-JUN-2012 15:04:44,
"49452080802",455011,19-JUN-2012 15:04:44,
"49452080803",455011,19-JUN-2012 15:04:44,
"55198000100",454862,,
"49452120301",455020,19-JUN-2012 15:04:44,
"49452120302",455020,19-JUN-2012 15:04:44,
"49452059001",454928,19-JUN-2012 15:04:44,
"49452059002",454928,19-JUN-2012 15:04:44,
"49452059003",454928,19-JUN-2012 15:04:44,
"49452061401",454929,19-JUN-2012 15:04:44,
"49452061402",454929,19-JUN-2012 15:04:44,
"49452061403",454929,19-JUN-2012 15:04:44,
"49452061801",454930,19-JUN-2012 15:04:44,
"49452061802",454930,19-JUN-2012 15:04:44,
"49452061803",454930,19-JUN-2012 15:04:44,
"49452063501",454931,19-JUN-2012 15:04:44,
"49452063502",454931,19-JUN-2012 15:04:44,
"49452273501",454846,19-JUN-2012 15:04:44,
"49452273502",454846,19-JUN-2012 15:04:44,
"49452058001",454844,19-JUN-2012 15:04:44,
"49452058002",454844,19-JUN-2012 15:04:44,
"49452058003",454844,19-JUN-2012 15:04:44,
"49452258004",455171,19-JUN-2012 15:04:44,
"49452258003",455171,19-JUN-2012 15:04:44,
"49452258002",455171,19-JUN-2012 15:04:44,
"49452258001",455171,19-JUN-2012 15:04:44,
"94030000202",469094,,
"49614085078",454786,26-MAY-2009 10:58:25,
"37205071872",454883,19-DEC-2011 10:36:33,
"41163023161",454172,15-JUN-2016 13:45:35,
"00193660601",453344,,
"93764060202",454506,,
"48503088657",455112,,
"51552057704",455120,,
"49452179501",455045,19-JUN-2012 15:04:44,
"49452179502",455045,19-JUN-2012 15:04:44,
"49452179503",455045,19-JUN-2012 15:04:44,
"41167020130",455430,,
"41167020410",455431,,
"41167020220",455433,01-OCT-2007 07:43:22,
"41167020350",455440,,
"41167020365",455442,01-JUN-2009 12:30:37,
"41167020374",455443,01-JUN-2009 12:30:37,
"41167020372",455446,01-JUN-2009 12:30:37,
"41167020370",455447,01-JUN-2009 12:30:37,
"41167020376",455448,01-JUN-2009 12:30:37,
"41167006800",455453,,
"41167006809",455895,,
"37205046978",456552,17-OCT-2008 11:09:16,16-OCT-2008 10:26:13
"08484072500",460462,,
"08004053800",459692,12-MAY-2014 09:37:27,
"08317720050",463049,,
"08463520350",471501,,
"81131017107",465377,,
"81131017110",465387,,
"81131017111",465391,,
"81131017112",465399,,
"81131017109",465401,,
"81131017108",465405,,
"89411001170",465408,12-MAY-2015 08:34:12,
"82891021054",465438,,
"82891021050",465441,,
"15630102610",466259,04-JUL-2011 09:20:26,
"15630102810",466258,04-JUL-2011 09:20:26,
"00087136545",466606,15-DEC-2015 11:34:45,
"83490022019",465771,,
"63868061301",465172,,
"63868062401",465164,,
"63868062160",465166,,
"63868062001",465167,,
"63868062060",465167,,
"76300036810",465544,,
"76300036910",465545,,
"76300037010",465546,,
"86227028105",466164,,
"86227028205",466169,,
"86227030105",466170,,
"86227030205",466172,,
"50428308624",466044,,
"37205060810",466046,,
"87701040574",465823,,
"08137105524",466217,30-JUN-2011 10:18:40,
"00065804601",466852,,
"96121000259",466864,,
"00087136505",466606,15-DEC-2015 11:34:45,
"08080151010",465551,23-FEB-2017 11:58:08,
"08080151020",465552,23-FEB-2017 11:58:08,
"08080151030",465553,23-FEB-2017 11:58:08,
"08080151040",465554,23-FEB-2017 11:58:08,
"08080151050",465555,23-FEB-2017 08:46:34,
"08080151060",465557,23-FEB-2017 08:46:34,
"08539105002",465559,,
"51927428300",465835,,
"86040000000",465450,,
"86040000005",465449,,
"08554424001",465741,,
"08484990250",467219,14-MAR-2013 10:03:18,
"51107000041",467237,,
"08484990355",467229,,
"68455010281",467559,,
"11640000135",467470,,
"11640000153",467472,,
"11640000044",467475,,
"11640000101",467476,,
"11640000100",467478,,
"11640000102",467497,,
"11640000103",467499,,
"11640000104",467500,,
"11640000106",467510,,
"11640000105",467511,,
"68455010283",467623,,
"68455010284",467624,,
"68455010285",467625,,
"68455010286",467626,,
"68455010913",466355,,
"68455010709",466356,,
"68455010767",466359,,
"68455010760",466361,,
"45713098000",466461,,
"45713098002",466528,,
"68455010854",466897,,
"68455010707",466956,,
"00904598931",467362,30-MAY-2014 11:27:17,
"91124000204",468044,,
"68455010287",467627,,
"68455010842",467631,,
"51927378000",466604,,
"00087128801",418796,15-DEC-2015 11:34:45,
"68455010743",467485,30-SEP-2014 10:48:39,
"45713048450",466557,,
"45713048175",466558,,
"35046000912",466569,,
"35046000908",466575,,
"35046000900",466578,,
"35046000909",466579,,
"35046000901",466580,,
"35046000910",466581,,
"35046000905",466583,,
"35046000902",466584,,
"35046000906",466585,,
"35046000907",466586,,
"08317740050",466600,,
"08317740006",466602,,
"96121000208",466601,,
"96121000237",466572,,
"96121000242",466596,,
"96121000232",466420,,
"44411103004",466978,31-DEC-2010 09:04:20,
"44411103504",466980,31-DEC-2010 09:04:20,
"44411104004",466982,31-DEC-2010 09:04:20,
"44411105004",466984,31-DEC-2010 09:04:20,
"44411106004",466985,31-DEC-2010 09:04:20,
"44411108004",466987,31-DEC-2010 09:04:20,
"44411110008",466988,31-DEC-2010 09:04:20,
"44411112508",466990,31-DEC-2010 09:04:20,
"44411115008",466991,31-DEC-2010 09:04:20,
"10119005611",466998,,
"15127022406",467213,,
"15127022408",467214,,
"15127022405",467215,,
"15127022407",467216,,
"15127022404",467217,,
"15127022424",467218,,
"15127022403",467220,,
"11640000810",467314,,
"11640000049",467301,,
"11640000001",467318,,
"11640000255",467370,,
"11640000107",467380,,
"11640000108",467382,,
"11640000109",467383,,
"11640000112",467384,,
"11640000113",467386,,
"11640000813",467426,,
"11640000814",467427,,
"11640000824",467428,,
"11640000833",467430,,
"11640000835",467431,,
"11640000034",467432,,
"11640000002",467434,,
"96121000230",467046,,
"35046000904",466588,,
"40986002505",467004,26-MAY-2016 14:44:04,
"40986002506",467005,26-MAY-2016 14:44:04,
"65628005101",467034,21-NOV-2016 14:42:47,
"96121000263",467045,,
"49614051472",469377,30-SEP-2009 09:54:58,
"00536311607",469755,06-JAN-2015 15:08:54,
"02359046005",469675,,
"70074050822",469711,,
"68455010844",467633,31-DEC-2009 14:25:12,
"51927436400",467974,,
"11640000122",468223,,
"11640000125",468224,,
"11640000129",468225,,
"11640000132",468226,,
"11640000111",468277,,
"11640000110",468278,,
"11640000114",468279,,
"11640000812",468403,,
"11640000811",468405,,
"11640000815",468407,,
"11640000821",468408,,
"11640000823",468409,,
"11640000825",468410,,
"11640000831",468411,,
"11640000832",468412,,
"11640000834",468413,,
"11640000836",468414,,
"11640000822",468415,,
"11640000004",468416,,
"30768001748",469467,01-SEP-2013 14:54:47,
"41415028173",469518,,
"08508114002",470664,,
"08508112010",470665,,
"66977030606",468759,,
"49614025878",469121,,
"49614025887",469123,,
"94030000201",469098,,
"11845015685",468956,,
"68455010841",469283,,
"68455010838",469271,,
"68455010839",469272,,
"68455010840",469273,31-DEC-2009 14:25:12,
"54629735401",468816,,
"54629036850",468878,,
"79854007006",469333,,
"54629070110",469334,,
"54629077660",469337,,
"08214043514",470379,01-OCT-2016 12:00:32,
"08214025714",470333,01-OCT-2016 12:01:34,
"08214535714",470588,01-OCT-2016 12:15:41,
"66977009768",470992,,
"91268077004",471281,,
"35046000074",471109,,
"35046000051",471095,,
"35046000065",471102,,
"35046000066",471103,,
"35046000068",471104,,
"35046000070",471105,,
"35046000078",471106,,
"35046000077",471107,,
"66977009744",470990,,
"66977009766",470991,,
"68455010399",470049,,
"68455010400",470050,,
"68455010401",470051,,
"68455010402",470052,,
"48503088647",469899,,
"48503088648",469900,,
"48503088645",469901,,
"48503088643",469903,,
"48503088642",469904,,
"48503088646",469905,,
"48503008655",469915,,
"48503008653",469916,,
"48503008652",469917,,
"48503008656",469918,,
"48503088655",469919,,
"48503088653",469920,,
"48503088652",469921,,
"48503088656",469922,,
"48503088685",469927,,
"48503088683",469929,,
"48503088682",469930,,
"48503088686",469931,,
"37205061272",470806,,
"37205061273",470806,,
"37205061271",470806,,
"35046000114",471579,,
"35046055390",471587,,
"35046000213",471581,,
"35046000100",471578,,
"35046000048",471584,,
"35046000056",471585,,
"35046000451",471582,,
"35046000207",471568,,
"35046001212",471586,,
"35046000210",471583,,
"35046000103",471570,,
"35046000141",471580,,
"35046000140",471589,,
"51552130106",472711,01-JAN-2015 09:12:14,
"50428310050",471933,27-JUL-2012 09:40:16,
"37867050107",472434,,
"37867050105",472435,,
"11917009623",472813,,
"57771000123",471011,,
"78573000074",471537,,
"72959008021",471172,,
"08484083225",471625,08-MAY-2012 07:55:44,
"23601000805",471686,,
"51552130008",472763,01-FEB-2014 14:23:39,
"51552130108",472711,10-APR-2013 13:37:06,
"51552130109",472711,10-APR-2013 13:37:22,
"51552128906",472827,10-APR-2013 13:34:53,
"51552128905",472827,10-APR-2013 13:34:38,
"51552117704",472836,01-APR-2015 10:56:42,
"51552127206",472837,10-APR-2013 13:31:21,
"12547032953",472811,12-MAY-2014 08:57:33,
"12547032992",472812,12-MAY-2014 08:52:05,
"12547032993",472814,12-MAY-2014 08:53:30,
"51552126806",472855,,
"08333903010",473476,,
"08333903030",473476,,
"08333903050",473476,,
"08333903070",473477,,
"08333905700",473479,08-MAR-2016 10:36:30,
"08333905710",473479,08-MAR-2016 10:36:59,
"76660030002",473482,,
"98939000234",473083,,
"10486000711",472031,,
"49939100101",472172,08-JUL-2015 08:49:32,
"49939100104",573182,,
"68455010891",472351,31-DEC-2010 12:03:28,
"23601023407",472195,,
"23601023572",472196,,
"00087146401",472207,,
"00087146441",472207,,
"08080670950",472803,,
"59707000166",472416,,
"23601031013",471888,,
"13703022701",471852,,
"13703031221",471855,,
"13703035221",471856,,
"13703031331",471857,,
"13703035331",471858,,
"13703031441",471859,,
"13703035441",471860,,
"13703031541",471861,,
"13703035541",471863,,
"11917009650",472561,,
"10337066669",472259,,
"10337066670",472259,,
"10337066665",472239,,
"10337066666",472239,,
"10337066686",472240,,
"10337066684",472241,,
"10337066672",472265,,
"10337066671",472787,,
"10337073010",472790,20-FEB-2015 09:39:01,
"10337081220",472801,01-APR-2011 14:31:40,
"10337081330",472802,01-APR-2011 14:31:53,
"35356056901",474714,,
"35356056902",474714,14-OCT-2011 11:20:44,
"35356056903",474714,14-OCT-2011 11:20:44,
"35356056905",474714,14-OCT-2011 11:20:44,
"24385006578",79757,25-SEP-2014 12:07:11,09-MAR-2010 10:35:21
"49735018796",473491,,
"11822211520",473492,,
"08137002233",472412,30-SEP-2014 10:27:24,
"08137002232",472413,30-SEP-2014 10:27:04,
"08137002255",472430,30-SEP-2014 10:28:02,
"08137002229",472431,30-SEP-2014 10:26:15,
"08137002230",472432,30-SEP-2014 10:26:42,
"08137001978",472436,30-SEP-2014 10:24:39,
"08137001979",472437,17-MAY-2010 09:21:57,
"08137001980",472438,17-MAY-2010 09:21:57,
"08137001075",472439,03-JAN-2011 09:16:55,
"24385047210",475460,,
"50600052254",475325,02-JAN-2010 09:32:11,
"50600052261",475326,,
"50600052278",475327,,
"50600052285",475329,,
"08004540310",475314,02-AUG-2010 10:37:32,
"08137101676",475251,,
"70074059952",476994,,
"86040000002",474426,,
"47469016176",475081,,
"24385013395",475287,,30-MAR-2010 18:32:09
"18029078066",476610,,
"18029071001",476604,,
"18029071003",476606,,
"18029071004",476607,,
"18029072001",476608,,
"18029072003",476609,,
"18029071002",476605,,
"21695056610",477137,12-APR-2014 08:17:11,
"08137005235",476677,24-FEB-2010 10:31:18,
"08484990235",475858,14-FEB-2011 14:13:22,
"08290381444",476365,,
"35046004166",478323,,
"08290381467",478447,,
"54868611300",478206,07-JUL-2015 13:12:38,
"08380019152",478311,,
"08380019002",478324,,
"08380019052",478325,,
"08380019102",478326,,
"70074053497",478521,,
"70074050838",478531,,
"63981030604",478291,01-DEC-2014 00:00:00,
"40986002543",478582,26-MAY-2016 14:44:04,
"08137102943",477261,,
"08137102933",477262,,
"51552077606",477202,10-APR-2013 16:32:34,
"12843053430",477214,,
"08380019254",477251,,
"08380014909",477252,,
"08380019204",477253,,
"35046014164",477182,,
"24385072742",477612,,
"24385003743",477613,,
"08317500001",478222,,
"08317500050",478223,,
"08317500100",478221,,
"08137004058",477832,,
"08137003109",479530,30-SEP-2014 10:38:14,
"08137003169",479532,30-JUN-2010 10:24:51,
"08137102130",479534,30-SEP-2014 12:46:44,
"08137004306",479547,30-SEP-2014 11:25:10,
"41167033164",479664,,
"41167033095",479391,,
"41167033059",479393,,
"00187136603",479752,,
"00187136812",479771,,
"41167033180",479199,,
"41167033160",479206,,
"83490031058",479142,,
"11822340030",479896,,
"68455010890",479018,31-DEC-2010 12:03:28,
"41415006875",478772,,
"38779256400",478743,01-OCT-2012 10:51:04,
"10267073701",479823,12-SEP-2011 19:36:35,
"08004049400",479979,,
"11822340040",479896,,
"08004053300",478894,12-MAY-2014 09:12:50,
"08137102227",479552,30-SEP-2014 12:48:14,
"08080670930",479763,,
"08080700603",479764,01-NOV-2012 10:02:31,
"08080700604",479809,01-NOV-2012 10:02:55,
"08080700605",479810,01-NOV-2012 10:03:43,
"08080700630",479811,01-NOV-2012 10:02:08,
"08080700640",479812,01-NOV-2012 13:29:34,
"08080700650",479813,01-NOV-2012 10:04:12,
"08080700730",479814,01-NOV-2012 10:04:31,
"08080700740",479815,01-NOV-2012 10:04:56,
"08080800580",479817,01-NOV-2012 08:37:01,
"11822370890",480142,,
"11822393550",480085,,09-JUL-2010 14:33:06
"11822393560",480085,,09-JUL-2010 14:33:48
"70074050828",478811,,
"49735015096",481625,,
"68084043098",481624,,
"64678021105",481062,,
"11822352040",480737,,
"11822489330",480712,,
"11822489320",480714,,
"70074056251",480642,,
"70074056259",480651,,
"70074056495",480688,,
"70074056489",480708,,
"70074056492",480711,,
"70074056471",480695,,
"70074056474",480704,,
"08636012301",480982,,
"08290383510",482012,,
"08290383511",482013,,
"08290383512",482014,,
"08290383516",482015,,
"08290383517",482017,,
"08290383518",482020,,
"08290383519",482022,,
"08290383520",482023,,
"11917011298",482121,,
"11917011299",482122,,
"49348090109",481731,,
"68084043099",481624,,
"89269045222",481874,,
"89269045226",481875,,
"98939000245",481945,,
"08004049800",477681,,
"70074050816",480981,,
"70074053935",480983,,
"70074059650",481045,,
"11822353540",480861,,
"59781056623",482054,,
"70074057431",481421,,05-AUG-2010 08:00:39
"70074056468",481331,,
"70074056459",481334,,
"70074056462",481338,,
"91237000141",480944,,
"91237000142",480945,,
"58487001061",480993,,
"58487001063",480994,,
"93286000007",481381,,
"65702040010",482303,,
"08137102675",482329,,
"08137102799",482330,,
"52372343201",482662,09-NOV-2016 13:39:55,
"52372343205",482662,09-NOV-2016 13:39:55,
"52372343210",482662,07-MAR-2016 00:00:00,
"08004108334",482234,11-FEB-2013 07:43:35,
"08004008795",482225,27-JUN-2014 12:49:55,02-MAY-2011 13:59:00
"08137102796",481841,01-DEC-2015 10:07:33,
"08137102814",481842,12-JUN-2012 11:08:37,
"08137102797",481843,01-DEC-2015 10:07:33,
"08137102705",481844,01-DEC-2015 10:07:33,
"08137102483",481845,,
"08137102704",481846,30-SEP-2014 12:51:02,
"08137102423",481847,,
"36000052818",482488,,
"92771013507",482187,02-DEC-2015 15:00:16,
"92771067502",482188,31-MAR-2016 15:18:06,
"08137105523",482565,30-JUN-2011 10:18:40,
"08137109128",482991,04-AUG-2014 15:01:49,
"12547042833",482994,,
"12547042834",482995,,
"12547042831",482996,19-SEP-2014 09:19:30,
"12547042832",482997,,
"08137108922",482999,,
"08137108923",483000,,
"08004054800",483003,,
"08004081780",483004,05-JAN-2016 15:38:05,
"08004081920",483005,05-JAN-2016 15:24:25,
"08137102114",483006,30-SEP-2014 12:45:40,
"08137102115",483008,30-SEP-2014 12:46:03,
"89269045242",482678,,
"08373812500",483102,,
"88813000024",483052,,
"08373041534",483023,,
"08373072500",483036,,
"11917010457",483141,,
"49022045687",483158,,
"11917011600",483145,,
"36800018104",482772,,
"08373045800",483007,,
"62991285401",483053,,
"62991285404",483053,,
"62991285403",483053,,
"08004041300",484235,,
"08004103100",484259,14-MAY-2014 10:10:26,
"08004073900",484246,14-MAY-2014 12:44:07,
"08004078700",484247,14-MAY-2014 12:45:12,
"08004071000",484248,01-JUL-2013 09:28:59,
"08004105400",484266,15-MAY-2014 11:53:59,
"52372656505",484350,09-NOV-2016 13:39:55,
"52372656501",484350,09-NOV-2016 13:39:55,
"08004052700",484294,01-NOV-2015 15:16:44,
"08004053400",484295,12-MAY-2014 09:10:20,
"08004053900",484296,12-MAY-2014 09:39:10,
"08004057900",484298,12-MAY-2014 12:06:56,
"59409005000",484324,,
"59409005001",484327,,
"59409005002",484328,,
"59409005003",484329,,
"59409005004",484330,,
"59409005005",484331,,
"59409005010",484332,,
"59409005011",484333,,
"59409005013",484334,,
"59409007000",484335,,
"59409007001",484336,,
"59409007006",484337,,
"59409007007",484338,,
"59409007008",484339,,
"86876015954",484323,,
"36800030601",483493,,
"36800030602",483493,,
"36800030603",483493,,
"36800030652",483494,01-DEC-2014 00:00:00,
"08004047300",484273,,
"08004050000",484275,,
"08004050700",484276,01-NOV-2015 15:18:37,
"08004050900",484277,12-MAY-2014 08:35:19,
"12547042516",484279,12-MAY-2014 14:44:59,
"08380089005",484348,,
"90891050120",484252,,
"90891050121",484256,,
"24571011105",483832,,
"00087146541",483737,15-DEC-2015 11:34:45,
"00087146501",483737,15-DEC-2015 11:34:45,
"12547042520",484641,12-MAY-2014 11:38:29,
"12547042525",484642,26-FEB-2015 15:14:12,
"12547042532",484643,12-MAY-2014 14:43:59,
"12547042535",484644,01-NOV-2014 09:19:52,
"08137009773",484697,12-MAY-2014 11:34:09,
"08137009772",484698,12-MAY-2014 11:33:13,
"08137002494",485346,,
"08137002493",485345,,
"12622000602",485328,,
"12622000608",485336,,
"12622000609",485338,,
"12622000601",484889,,
"12622000605",484890,,
"12622000603",485325,,
"12622000606",485326,,
"12622000607",485327,,
"08137008444",485044,,
"08137001176",484992,05-JAN-2015 09:54:36,
"08137001178",484993,05-JAN-2016 10:15:58,
"08137004262",485030,05-JAN-2016 11:23:31,
"08137008488",485046,,
"08137108321",485039,30-SEP-2014 12:56:29,
"08137008414",485048,30-SEP-2014 12:42:09,
"08137008401",485049,30-SEP-2014 12:41:04,
"08137008417",485050,30-SEP-2014 12:42:37,
"08137008821",485051,03-JAN-2011 09:16:55,
"08137105520",485061,30-SEP-2014 12:56:07,
"08137104024",485062,30-SEP-2014 12:54:17,
"08137104003",485063,30-SEP-2014 12:53:39,
"08137102138",485067,30-SEP-2014 12:47:17,
"08137008487",485047,03-JAN-2011 09:16:55,
"08137108322",485038,,
"08137008861",485040,10-JUN-2013 13:13:06,
"08137008853",485041,10-JUN-2013 13:12:52,
"08137008321",485042,,
"08137004815",485078,16-DEC-2013 10:30:32,
"08137008416",485043,,
"08137008480",485045,30-SEP-2014 12:43:11,
"08137005998",485069,04-FEB-2011 09:20:04,
"52800048268",484909,,
"52800048271",484910,04-JUN-2012 11:08:07,
"08137008251",485070,30-SEP-2014 12:40:13,
"08137008263",485071,30-SEP-2014 12:40:36,
"08137004995",485074,01-APR-2011 15:38:22,
"98939000229",484455,,
"98939000231",484456,,
"98939000259",484458,,
"98939000260",484459,,
"98939000246",484452,08-MAY-2014 12:04:34,
"98939000247",484453,08-MAY-2014 12:04:34,
"00430342009",343489,21-MAR-2014 08:25:42,
"62991297001",484797,,
"62991297002",484797,,
"62991260001",484804,,
"62991260002",484804,,
"62991260003",484804,,
"62991260004",484804,,
"62991260005",484804,,
"62991260006",484804,,
"52372091325",484886,07-MAR-2016 00:00:00,
"08137102765",485370,,
"08137001118",484957,30-SEP-2014 10:10:32,
"08137001136",484961,30-SEP-2014 10:10:55,
"52372731501",484722,09-NOV-2016 13:39:55,
"52372731525",484722,07-MAR-2016 00:00:00,
"52372731505",484722,09-NOV-2016 13:39:55,
"08214070740",485506,,
"08214065740",485507,,
"08214025740",485508,,
"08214020740",485509,,
"12277055024",485547,,
"00087165741",485510,,
"00087165701",485510,,
"16500054148",485592,,
"52218000201",485620,,
"42632000808",485598,,
"42632000505",485621,,
"42632000303",485628,,
"08137004871",485650,28-JUL-2014 14:26:09,08-DEC-2010 17:47:05
"08137004872",485651,30-SEP-2014 11:36:37,08-DEC-2010 17:47:49
"30142030602",485946,,
"39423011048",485682,,
"39423022048",485683,,
"39423055048",485684,,
"39423088048",485685,,
"30142030652",485944,01-DEC-2014 00:00:00,
"30142030603",485946,,
"30142030601",485946,,
"30142098200",486013,,
"63948014293",485691,,
"12547023002",485528,01-NOV-2014 10:43:48,
"00363902011",487387,,
"91237000136",487440,,
"91237000135",487443,,
"38779244605",487447,,
"48503002195",487343,,
"48503002193",487344,,
"48503002192",487345,,
"48503002196",487346,,
"48503002535",487361,,
"48503002533",487362,,
"48503002532",487363,,
"48503002536",487364,,
"48503022535",487365,,
"48503022533",487366,,
"48503022532",487367,,
"48503022536",487368,,
"48503012535",487369,,
"48503012533",487370,,
"48503012532",487371,,
"48503012536",487372,,
"48503002545",487373,,
"48503002543",487374,,
"48503002542",487375,,
"48503002546",487376,,
"48503022545",487377,,
"48503022543",487378,,
"48503022542",487379,,
"48503022546",487380,,
"48503012545",487381,,
"48503012543",487382,,
"48503012542",487383,,
"48503012546",487384,,
"48503000705",487244,,
"48503000703",487246,,
"48503000702",487247,,
"48503000706",487248,,
"48503000725",487251,,
"48503000723",487252,,
"48503000722",487253,,
"48503000726",487254,,
"48503000745",487255,,
"48503000743",487256,,
"48503000742",487257,,
"48503000746",487258,,
"48503000815",487259,,
"48503000813",487260,,
"48503000812",487261,,
"48503000816",487262,,
"48503000811",487263,,
"48503000865",487265,,
"48503000863",487266,,
"48503001415",487267,,
"48503001413",487268,,
"48503001412",487269,,
"48503000070",486711,,
"48503000170",486729,,
"48503000430",486731,,
"48503000470",486732,,
"48503001280",486737,,
"48503002110",486742,,
"48503002120",486743,,
"48503002180",486745,,
"48503024600",486755,,
"48503028860",486759,,
"11822028990",487215,,
"11917010727",487271,,
"11917011462",487301,,
"11917011174",487305,,
"48503002555",487605,,
"48503002553",487606,,
"48503002552",487607,,
"48503002556",487608,,
"48503022555",487610,,
"48503022553",487611,,
"48503022552",487612,,
"48503022556",487613,,
"48503012555",487614,,
"48503012553",487615,,
"48503012552",487616,,
"48503012556",487617,,
"48503002635",487618,,
"48503002633",487619,,
"48503002632",487620,,
"48503002636",487621,,
"48503022635",487622,,
"48503022633",487623,,
"48503022632",487624,,
"48503022636",487625,,
"48503012635",487626,,
"48503012633",487627,,
"48503012632",487628,,
"48503012636",487629,,
"48503002645",487632,,
"48503002643",487633,,
"48503002642",487634,,
"48503002646",487635,,
"48503022645",487636,,
"48503022643",487637,,
"48503022642",487638,,
"48503022646",487639,,
"48503012645",487640,,
"48503012643",487641,,
"48503012642",487642,,
"48503012646",487643,,
"48503002655",487649,,
"48503002653",487650,,
"48503002652",487651,,
"48503002656",487652,,
"48503022655",487653,,
"48503022653",487654,,
"48503022652",487655,,
"48503022656",487656,,
"48503012655",487657,,
"48503012653",487658,,
"48503012652",487659,,
"48503012656",487660,,
"48503023015",487812,,
"48503023013",487813,,
"48503023012",487814,,
"48503003015",487816,,
"48503003013",487817,,
"48503003012",487819,,
"48503023025",487820,,
"48503023023",487821,,
"48503023022",487822,,
"48503023026",487823,,
"48503003025",487824,,
"48503003023",487825,,
"48503003022",487826,,
"48503003033",487842,,
"48503003032",487843,,
"48503033045",487857,,
"48503033043",487858,,
"48503033042",487859,,
"48503003035",487841,,
"00573199107",488073,,
"00573199207",488076,,
"48503010076",488321,,
"48503010075",488322,,
"48503010074",488323,,
"48503010073",488324,,
"48503010072",488325,,
"48503010071",488326,,
"48503010082",488327,,
"48503010081",488328,,
"48503010080",488329,,
"48503010079",488330,,
"48503010078",488331,,
"48503010077",488332,,
"08522000043",488387,20-APR-2015 13:33:32,
"08522000052",488389,20-APR-2015 13:33:12,
"08522000050",488390,,
"48503000636",487228,,
"48503000645",487229,,
"48503000643",487230,,
"48503000642",487231,,
"48503000646",487232,,
"48503000655",487233,,
"48503000653",487234,,
"48503000652",487235,,
"48503000656",487236,,
"68455011821",488164,,
"48503061715",487591,,
"48503061713",487592,,
"48503061712",487593,,
"48503061716",487594,,
"48503070425",487595,,
"48503070423",487596,,
"48503070422",487900,,
"48503070426",487901,,
"48503070445",487902,,
"48503070443",487903,,
"48503070442",487904,,
"48503070447",487905,,
"48503070446",487906,,
"48503088658",488071,,
"48503082657",488072,,
"48503082658",488074,,
"48503082655",488075,,
"48503082653",488077,,
"48503082652",488078,,
"48503082656",488080,,
"48503038655",488081,,
"48503038653",488082,,
"48503038652",488083,,
"48503038656",488084,,
"48503088665",488085,,
"48503088663",488086,,
"48503088662",488087,,
"48503088666",488088,,
"48503088675",488089,,
"48503088673",488090,,
"48503088672",488091,,
"48503088676",488092,,
"48503082685",488093,,
"48503082683",488094,,
"48503082682",488095,,
"48503082686",488096,,
"16781020496",488202,24-AUG-2012 09:39:32,
"59262025725",488459,,
"68212050060",488825,28-NOV-2012 10:35:41,24-FEB-2011 11:21:19
"76855070071",488152,,
"88856000030",488805,,
"48503061703",487584,,
"47884017501",488875,,
"08137108979",489176,,
"70319002684",489584,,
"70319002685",489585,,
"70319002686",489586,,
"70319002687",489587,,
"70319002693",489588,,
"70319002691",489591,,
"70319002694",489592,,
"70319002677",489560,,
"70319002679",489563,,
"70319002681",489564,,
"70319002682",489566,,
"70319002695",489651,,
"40985027309",489634,,
"11917010891",489937,,
"11917011146",489938,,
"70319002184",489756,,
"70319002186",489757,,
"70319002187",489758,,
"70319003090",489808,,
"70319003097",489811,,
"70319002190",489762,,
"70319002307",489765,,
"70319002904",489766,,
"70319003091",489767,,
"70319003104",489768,,
"70319003105",489769,,
"70319003106",489770,,
"70319003111",489771,,
"70319002195",489772,,
"23601060600",489261,,
"11917007510",489888,,
"11917007534",489889,,
"70319003096",489295,,
"70319002185",489298,,
"70319002675",489652,,
"54162085101",489083,,
"54162085108",489083,,
"92771077008",489084,02-DEC-2015 14:52:56,05-APR-2010 14:12:42
"88856000060",489167,,
"70074057535",489418,,
"83490044052",489116,,
"83490044055",489117,,
"08137101879",488995,,
"08137101878",488996,31-DEC-2012 13:30:57,
"08137102836",489003,28-JAN-2013 10:10:44,
"08137102957",489010,09-NOV-2012 13:18:25,
"08137101870",488915,,
"08137101716",488943,29-AUG-2016 10:12:02,
"08137101717",488946,31-DEC-2012 13:31:12,
"08137101830",488949,,
"08137102236",488957,02-JAN-2012 11:20:04,
"08137108866",488958,31-DEC-2012 13:36:02,
"08137108865",488959,31-DEC-2012 13:35:43,
"52800048072",488960,,
"52800048073",488961,,
"08137101826",488938,16-SEP-2013 15:41:05,
"11917009488",489886,,
"70319002072",489685,,
"37205024975",489271,,
"37205025575",489279,,
"92771014501",489695,,
"92771014516",489696,02-DEC-2015 15:00:16,
"92771077501",489709,02-DEC-2015 14:52:56,
"49735011457",489694,01-JUN-2012 10:21:37,
"49735011653",489706,01-JUN-2012 10:21:37,
"70319002880",489485,,
"70319002881",489486,,
"70319002882",489487,,
"52372091310",484886,07-MAR-2016 00:00:00,
"48503025092",490771,,
"48503025096",490772,,
"48503025187",490773,,
"48503025188",490774,,
"48503025185",490775,,
"48503025183",490776,,
"48503025182",490777,,
"48503025186",490778,,
"48503075407",490779,,
"48503075408",490780,,
"48503075409",490781,,
"48503075404",490782,,
"48503075405",490783,,
"48503075403",490784,,
"48503075402",490785,,
"48503075406",490786,,
"48503075401",490787,,
"48503025407",490788,,
"48503025408",490789,,
"48503025409",490790,,
"48503025404",490791,,
"48503025405",490792,,
"48503025403",490793,,
"48503025402",490794,,
"48503025406",490795,,
"48503025401",490796,,
"48503025417",490797,,
"48503025418",490798,,
"48503025419",490799,,
"48503025415",490800,,
"48503025413",490801,,
"48503025412",490802,,
"48503025416",490803,,
"12843054109",490477,28-FEB-2012 08:20:11,28-FEB-2012 09:31:58
"48503024165",490281,,
"48503024163",490282,,
"48503024162",490283,,
"48503024166",490284,,
"87701040808",491054,,
"87701040807",491053,,
"11917009486",490968,,
"62991300801",491367,01-APR-2013 15:27:41,
"62991300802",491367,01-APR-2013 15:28:04,
"62991300803",491367,01-APR-2013 15:28:26,
"86800068795",491083,,
"15630004597",492673,,
"15630004596",492676,,
"63981030607",478291,,
"00179840702",492583,,
"48503045537",492500,,
"48503045538",492501,,
"48503045535",492502,,
"48503045533",492503,,
"48503045532",492504,,
"48503045536",492505,,
"48503025545",492509,,
"48503025543",492510,,
"48503025542",492511,,
"48503025546",492512,,
"50436907101",492067,,
"51927444300",492208,,
"38779244609",487447,,
"38779194005",491799,,
"38779075008",491806,,
"43072000516",491779,08-AUG-2015 14:14:30,
"43072000529",491816,08-AUG-2015 14:14:30,
"43072000532",491819,08-AUG-2015 14:14:30,
"11822313850",492117,,
"16042001040",493844,,
"59781056094",493518,,
"48503008647",492351,,
"48503008648",492353,,
"48503008645",492354,,
"48503008643",492355,,
"48503008642",492357,,
"48503008646",492358,,
"48503008657",492364,,
"48503008658",492366,,
"48503028657",492367,,
"48503028658",492368,,
"48503028655",492369,,
"48503028653",492370,,
"48503028652",492371,,
"48503028656",492372,,
"48503058655",492373,,
"48503058653",492375,,
"48503058652",492376,,
"48503058656",492377,,
"48503008665",492378,,
"48503008663",492379,,
"48503008662",492380,,
"48503008666",492381,,
"48503008685",492382,,
"48503008683",492383,,
"48503008682",492384,,
"48503008686",492385,,
"59781056626",493765,,
"59781056433",493743,,
"92771077004",493507,05-APR-2010 10:38:05,
"48503009874",493548,,
"48503009873",493549,,
"48503009872",493551,,
"89117000001",494565,,
"89117000000",494566,,
"94688011693",494286,,
"94688011691",494283,,
"11822514090",494159,,
"12547042830",494827,,
"87701040436",494836,,
"11917009587",494594,,
"12843053350",494156,28-FEB-2012 08:20:11,
"46122009979",496055,,
"08484074600",495768,16-APR-2013 11:25:12,
"54569624500",496091,,
"41163041696",495630,15-JUN-2016 14:33:00,
"41163041697",495632,15-JUN-2016 14:33:19,
"41163045282",495634,15-JUN-2016 14:47:13,
"70074056258",496781,,
"16042001026",496586,,
"08380014901",496213,,
"08380014902",496214,,
"08380014908",496215,,
"08380014910",496216,,
"08380014911",496217,,
"50428803529",497454,24-SEP-2012 14:01:53,
"50428800824",497455,,
"16042001024",497810,,
"54569870600",498196,,
"83490044080",498230,,
"83490044081",498231,,
"41520031947",497704,,
"41520031948",497705,,
"63868062030",465167,,
"62991278602",499095,01-NOV-2011 07:47:20,
"71791000001",498916,,
"71791000002",498917,,
"41260034696",499478,,
"41260034698",499479,,
"41260034697",499480,,
"51552130006",472763,01-MAR-2014 13:55:11,01-JAN-2015 13:24:04
"11917013152",502597,,
"52372656502",484350,09-NOV-2016 13:39:55,
"08290383532",504761,,
"49735016129",506050,,
"49735016130",506059,,
"00087165702",485510,15-DEC-2015 11:34:45,
"00087510266",505146,,
"38779075001",491806,,
"38779075009",491806,,
"16500053873",507251,,
"36800030604",483493,,
"09958003462",509008,,
"09958003472",509009,,
"11917011470",508401,,
"52372343202",482662,09-NOV-2016 13:39:55,
"52372731502",484722,09-NOV-2016 13:39:55,
"52372091301",484886,09-NOV-2016 13:39:55,
"00065804603",466852,,
"49100040009",508396,27-JUL-2010 09:09:56,05-JUL-2012 12:19:25
"12843054350",507314,,
"12843054120",507313,,
"08380014104",509226,,
"51552130105",472711,,
"51552114703",477192,01-MAR-2014 13:55:11,01-JAN-2015 13:24:04
"08380014102",509950,,
"11822510680",510620,,
"11822621790",511397,,
"38779256401",478743,,
"38779256405",478743,,
"38779256407",478743,,
"38779256408",478743,,
"38779256409",478743,,
"70074057430",511639,,
"52372343203",482662,09-NOV-2016 13:39:55,
"52372656503",484350,09-NOV-2016 13:39:55,
"52372656504",484350,09-NOV-2016 13:39:55,
"38779244608",487447,,
"08004115435",514787,15-MAY-2014 11:59:48,
"38779194004",491799,,
"38779194008",491799,,
"08484073200",516972,,
"94030000221",519191,,
"08137115443",518473,01-DEC-2015 10:07:33,
"08380014103",519800,,
"38779256406",478743,,
"51552117706",472836,01-MAR-2014 13:55:11,
"51552130107",472711,,
"55812023601",523680,03-AUG-2014 10:30:48,
"55812023602",523680,03-AUG-2014 10:30:48,
"55812023603",523680,03-AUG-2014 10:30:48,
"55812023604",523680,03-AUG-2014 10:30:48,
"55812016001",523621,03-AUG-2014 10:30:48,
"55812016002",523621,03-AUG-2014 10:30:48,
"55812016003",523621,03-AUG-2014 10:30:48,
"55812020801",523642,03-AUG-2014 10:30:48,
"55812020802",523642,03-AUG-2014 10:30:48,
"55812020803",523642,03-AUG-2014 10:30:48,
"55812021701",523643,03-AUG-2014 10:30:48,
"55812021702",523643,03-AUG-2014 10:30:48,
"55812021703",523643,03-AUG-2014 10:30:48,
"55812021704",523643,03-AUG-2014 10:30:48,
"08137115709",524112,,
"08137115710",524114,,
"81131003844",525446,,
"81131003843",525448,,
"81131003845",525447,,
"81131003846",525450,,
"81131003847",525449,,
"81131003848",525451,,
"76300072501",526109,,
"46144012901",526696,,
"94030000233",526640,,
"90891090024",528817,,
"38779075007",491806,,
"51927480800",531032,,
"40986002840",531872,26-MAY-2016 14:44:04,
"94030000226",531792,,
"51552141204",533725,01-APR-2015 11:02:51,
"51552141205",533725,,
"75839016010",537482,,
"51927483500",543947,,
"09958003471",543917,,
"08484075300",560658,,
"49281086078",459893,,
"49281086088",459893,15-JUL-2014 11:08:50,
"63948004293",560798,,
"49100040021",568368,,
"58597831701",569162,,
"58597831703",569162,,
"58597831704",569162,,
"52404000401",568796,,
"51552137503",572369,,
"51552137504",572369,,
"50428032914",572703,,
"50428040714",572704,,
"51927489800",573646,,
"65976010130",573172,,
"81131006270",576337,,
"09958003461",577276,,
"08380015102",614599,,
"08380015103",614601,,
"08380015104",614602,,
"08380015302",614603,,
"08380015304",614605,,
"08380015303",614604,,
"09958003470",607915,,
"24571011106",483832,,
"70175020801",608038,,
"52372731503",484722,09-NOV-2016 13:39:55,
"49452335201",616836,,
"49452335202",616836,,
"49452335203",616836,,
"49452335204",616836,,
"49452335205",616836,,
"49452335206",616836,,
"49452335207",616836,,
"52372091302",484886,09-NOV-2016 13:39:55,
"52372091303",484886,09-NOV-2016 13:39:55,
"52372343204",482662,09-NOV-2016 13:39:55,
"38779298801",609067,,
"38779298802",609067,,
"90891094602",632784,,
"90891094603",632786,,
"70175020825",608038,,
"38779289103",629777,,
"38779289104",629777,,
"38779289105",629777,,
"38779289107",629777,,
"38779289108",629777,,
"38779289109",629777,,
"49452244001",633431,,
"49452244002",633431,,
"49452244003",633431,,
"49452244004",633431,,
"49100040012",636753,,
"16784069342",639068,,
"16784069352",639069,,
"50428036807",639704,,
"64980014698",453913,,
"16784069333",639067,,
"09958003400",638480,,
"79854009203",638968,,
